<assembly xmlns="http://maven.apache.org/plugins/maven-assembly-plugin/assembly/1.1.2"
    xmlns:xsi="http://www.w3.org/2001/XMLSchema-instance"
    xsi:schemaLocation="http://maven.apache.org/plugins/maven-assembly-plugin/assembly/1.1.2 http://maven.apache.org/xsd/assembly-1.1.2.xsd">
	<id>src</id>
	<formats>
		<format>zip</format>
	</formats>
	<includeBaseDirectory>false</includeBaseDirectory>
	<fileSets>
		<fileSet>
			<includes>
				<include>pom.xml</include>
				<include>README.*</include>
				<include>LICENSE.*</include>
			</includes>
			<useDefaultExcludes>true</useDefaultExcludes>
		</fileSet>
	<fileSet>
		<directory>lib</directory>
			<useDefaultExcludes>true</useDefaultExcludes>
	</fileSet>
	<fileSet>
		<directory>src</directory>
		<useDefaultExcludes>true</useDefaultExcludes>
		</fileSet>
	</fileSets>
</assembly>
