<atlassian-plugin key="${project.groupId}.${project.artifactId}"
	name="${project.name}" plugins-version="2">
	<plugin-info>
		<description>${project.description}</description>
		<version>${project.version}</version>
        
		<vendor name="${project.organization.name}" url="${project.organization.url}" />
		<param name="plugin-icon">images/pluginIcon.png</param>
		<param name="plugin-logo">images/pluginLogo.png</param>
	</plugin-info>
	<resource type="i18n" name="i18n/i18n" location="i18n/i18n" />
	<component-import key="userApplicationHelper"
		interface="com.atlassian.jira.bc.user.UserApplicationHelper" />
	<webwork1 key="${project.groupId}.${project.artifactId}.webwork.adduser"
		name="${project.groupId}.${project.artifactId}.webwork.adduser"
		roles-required="pickusers">
		<actions>
			<action
				name="${project.groupId}.${project.artifactId}.action.DelegateAddUser"
				alias="DelegateAddUser">
				<view name="input">/templates/adduser.vm</view>
				<view name="error">/templates/adduser.vm</view>
			</action>
		</actions>
	</webwork1>
	<webwork1 key="${project.groupId}.${project.artifactId}.webwork.edituser"
		name="${project.groupId}.${project.artifactId}.webwork.edituser"
		roles-required="pickusers">
		<actions>
			<action
				name="${project.groupId}.${project.artifactId}.action.DelegateEditUser"
				alias="DelegateEditUser">
				<view name="input">/templates/edituser.vm</view>
				<view name="error">/templates/edituser.vm</view>
			</action>
		</actions>
	</webwork1>
	<webwork1
		key="${project.groupId}.${project.artifactId}.webwork.userbrowser"
		name="${project.groupId}.${project.artifactId}.webwork.userbrowser"
		roles-required="pickusers">
		<actions>
			<action
				name="${project.groupId}.${project.artifactId}.action.DelegateUserBrowser"
				alias="DelegateUserBrowser">
				<view name="success">/templates/userbrowser.vm</view>
				<view name="error">/templates/userbrowser.vm</view>
			</action>
		</actions>
	</webwork1>
	<webwork1 key="${project.groupId}.${project.artifactId}.webwork.audituser"
		name="${project.groupId}.${project.artifactId}.webwork.audit"
		roles-required="pickusers">
		<actions>
			<action
				name="${project.groupId}.${project.artifactId}.action.DelegateAuditUser"
				alias="DelegateAuditUser">
				<view name="success">/templates/audituser.vm</view>
				<view name="error">/templates/audituser.vm</view>
			</action>
		</actions>
	</webwork1>
    <!--<webwork1 key="${project.groupId}.${project.artifactId}.webwork.edituser"
		name="${project.groupId}.${project.artifactId}.webwork.comment"
		roles-required="pickusers">
		<actions>
			<action
				name="${project.groupId}.${project.artifactId}.action.DelegateListener"
				alias="DelegateListener">
				<!-- <view name="input">/templates/edituser.vm</view>
				<view name="error">/templates/edituser.vm</view>
			</action>
		</actions>
	</webwork1> -->
	<web-item
		key="${project.groupId}.${project.artifactId}.web-item.top.navigation.bar"
		name="${project.groupId}.${project.artifactId}.web-item.top.navigation.bar"
		section="system.top.navigation.bar" weight="100">
		<label key="${project.artifactId}.label.key" />
		<link
			linkId="${project.groupId}.${project.artifactId}.web-item.top.navigation.bar.link">/secure/DelegateUserBrowser.jspa</link>
		<conditions type="AND">
			<condition
				class="com.atlassian.jira.plugin.webfragment.conditions.UserLoggedInCondition" />
			<condition
				class="com.atlassian.jira.plugin.webfragment.conditions.JiraGlobalPermissionCondition">
				<param name="permission">use</param>
			</condition>
			<condition
				class="com.atlassian.jira.plugin.webfragment.conditions.BrowseUsersPermissionCondition" />
		</conditions>
	</web-item>
</atlassian-plugin>
